videos/sitting-on-the-sitters-dick.mp4,Ass Licking,2034,2053
videos/sitting-on-the-sitters-dick.mp4,Ass Worship,1890,1920
videos/sitting-on-the-sitters-dick.mp4,Big Tits Worship,818,913
videos/sitting-on-the-sitters-dick.mp4,Blowjob,1029,1185
videos/sitting-on-the-sitters-dick.mp4,Blowjob,1312,1326
videos/sitting-on-the-sitters-dick.mp4,Blowjob,1696,1755
videos/sitting-on-the-sitters-dick.mp4,Blowjob,1985,2026
videos/sitting-on-the-sitters-dick.mp4,Cum on Tits,2277,2365
videos/sitting-on-the-sitters-dick.mp4,Doggystyle,1763,1891
videos/sitting-on-the-sitters-dick.mp4,Doggystyle,1919,1980
videos/sitting-on-the-sitters-dick.mp4,Facial,2278,2356
videos/sitting-on-the-sitters-dick.mp4,Feet,64,110
videos/sitting-on-the-sitters-dick.mp4,Handjob,985,1012
videos/sitting-on-the-sitters-dick.mp4,Massage,233,698
videos/sitting-on-the-sitters-dick.mp4,Missionary,2087,2283
videos/sitting-on-the-sitters-dick.mp4,Oil,221,244
videos/sitting-on-the-sitters-dick.mp4,Oil,311,333
videos/sitting-on-the-sitters-dick.mp4,Oil,407,432
videos/sitting-on-the-sitters-dick.mp4,Oil,743,775
videos/sitting-on-the-sitters-dick.mp4,Oil,837,860
videos/sitting-on-the-sitters-dick.mp4,Oil,1086,1106
videos/sitting-on-the-sitters-dick.mp4,Oil,1825,1842
videos/sitting-on-the-sitters-dick.mp4,Oil,2116,2140
videos/sitting-on-the-sitters-dick.mp4,Pussy Licking,2034,2079
videos/sitting-on-the-sitters-dick.mp4,Reverse Cowgirl,1367,1511
videos/sitting-on-the-sitters-dick.mp4,Sex,1367,2315
videos/sitting-on-the-sitters-dick.mp4,Side Fuck,1550,1695
videos/sitting-on-the-sitters-dick.mp4,Spoon,1521,1552
videos/sitting-on-the-sitters-dick.mp4,Titty Fuck,1013,1030
videos/sitting-on-the-sitters-dick.mp4,Titty Fuck,1191,1222
videos/sitting-on-the-sitters-dick.mp4,Titty Fuck,1246,1288
videos/sitting-on-the-sitters-dick.mp4,Titty Fuck,1301,1342
videos/renters-pussy.mp4,Blowjob,534,609
videos/renters-pussy.mp4,Blowjob (POV),311,432
videos/renters-pussy.mp4,Blowjob (POV),445,508
videos/renters-pussy.mp4,Blowjob (POV),534,584
videos/renters-pussy.mp4,Deep Throat,375,400
videos/renters-pussy.mp4,Deep Throat,405,432
videos/renters-pussy.mp4,Deep Throat,442,464
videos/renters-pussy.mp4,Deep Throat,490,507
videos/renters-pussy.mp4,Deep Throat,539,549
videos/renters-pussy.mp4,Deep Throat,551,571
videos/renters-pussy.mp4,Deep Throat,584,594
videos/renters-pussy.mp4,Deep Throat,1877,1891
videos/renters-pussy.mp4,Deep Throat,1901,1915
videos/renters-pussy.mp4,Deep Throat,1925,1951
videos/renters-pussy.mp4,Deep Throat,1955,1987
videos/renters-pussy.mp4,Doggystyle,657,995
videos/renters-pussy.mp4,Doggystyle (Standing),1713,1868
videos/renters-pussy.mp4,Face Fuck,355,368
videos/renters-pussy.mp4,Facial,2061,2129
videos/renters-pussy.mp4,Hair Pulling,772,788
videos/renters-pussy.mp4,Hair Pulling,901,915
videos/renters-pussy.mp4,Hair Pulling,1699,1708
videos/renters-pussy.mp4,Handjob (POV),431,447
videos/renters-pussy.mp4,Handjob (POV),507,527
videos/renters-pussy.mp4,Masturbation,118,147
videos/renters-pussy.mp4,Missionary,1007,1151
videos/renters-pussy.mp4,Missionary,1545,1586
videos/renters-pussy.mp4,Missionary,633,649
videos/renters-pussy.mp4,Missionary,1421,1521
videos/renters-pussy.mp4,Missionary,851,2120
videos/renters-pussy.mp4,Missionary,657,2120
videos/renters-pussy.mp4,Missionary,1150,1249
videos/renters-pussy.mp4,Missionary,1348,1412
videos/renters-pussy.mp4,Missionary,1252,1350
videos/renters-pussy.mp4,Pussy Licking,633,649
videos/renters-pussy.mp4,Reverse Cowgirl,1421,1521
videos/renters-pussy.mp4,Rough Sex,851,2120
videos/renters-pussy.mp4,Sex,657,2120
videos/renters-pussy.mp4,Side Fuck,1150,1249
videos/renters-pussy.mp4,Side Fuck,1348,1412
videos/renters-pussy.mp4,Spoon,1252,1350
