tlib_alessa_savage_ap011416_272p_650_mobile.mp4,Blowjob,534,609
tlib_alessa_savage_ap011416_272p_650_mobile.mp4,Blowjob (POV),311,432
tlib_alessa_savage_ap011416_272p_650_mobile.mp4,Blowjob (POV),445,508
tlib_alessa_savage_ap011416_272p_650_mobile.mp4,Blowjob (POV),534,584
tlib_alessa_savage_ap011416_272p_650_mobile.mp4,Deep Throat,375,400
tlib_alessa_savage_ap011416_272p_650_mobile.mp4,Deep Throat,405,432
tlib_alessa_savage_ap011416_272p_650_mobile.mp4,Deep Throat,442,464
tlib_alessa_savage_ap011416_272p_650_mobile.mp4,Deep Throat,490,507
tlib_alessa_savage_ap011416_272p_650_mobile.mp4,Deep Throat,539,549
tlib_alessa_savage_ap011416_272p_650_mobile.mp4,Deep Throat,551,571
tlib_alessa_savage_ap011416_272p_650_mobile.mp4,Deep Throat,584,594
tlib_alessa_savage_ap011416_272p_650_mobile.mp4,Deep Throat,1877,1891
tlib_alessa_savage_ap011416_272p_650_mobile.mp4,Deep Throat,1901,1915
tlib_alessa_savage_ap011416_272p_650_mobile.mp4,Deep Throat,1925,1951
tlib_alessa_savage_ap011416_272p_650_mobile.mp4,Deep Throat,1955,1987
tlib_alessa_savage_ap011416_272p_650_mobile.mp4,Doggystyle,657,995
tlib_alessa_savage_ap011416_272p_650_mobile.mp4,Doggystyle (Standing),1713,1868
tlib_alessa_savage_ap011416_272p_650_mobile.mp4,Face Fuck,355,368
tlib_alessa_savage_ap011416_272p_650_mobile.mp4,Facial,2061,2129
tlib_alessa_savage_ap011416_272p_650_mobile.mp4,Hair Pulling,772,788
tlib_alessa_savage_ap011416_272p_650_mobile.mp4,Hair Pulling,901,915
tlib_alessa_savage_ap011416_272p_650_mobile.mp4,Hair Pulling,1699,1708
tlib_alessa_savage_ap011416_272p_650_mobile.mp4,Handjob (POV),431,447
tlib_alessa_savage_ap011416_272p_650_mobile.mp4,Handjob (POV),507,527
tlib_alessa_savage_ap011416_272p_650_mobile.mp4,Masturbation,118,147
tlib_alessa_savage_ap011416_272p_650_mobile.mp4,Missionary,1007,1151
tlib_alessa_savage_ap011416_272p_650_mobile.mp4,Missionary,1545,1586
tlib_alessa_savage_ap011416_272p_650_mobile.mp4,Missionary,633,649
tlib_alessa_savage_ap011416_272p_650_mobile.mp4,Missionary,1421,1521
tlib_alessa_savage_ap011416_272p_650_mobile.mp4,Missionary,851,2120
tlib_alessa_savage_ap011416_272p_650_mobile.mp4,Missionary,657,2120
tlib_alessa_savage_ap011416_272p_650_mobile.mp4,Missionary,1150,1249
tlib_alessa_savage_ap011416_272p_650_mobile.mp4,Missionary,1348,1412
tlib_alessa_savage_ap011416_272p_650_mobile.mp4,Missionary,1252,1350
tlib_alessa_savage_ap011416_272p_650_mobile.mp4,Pussy Licking,633,649
tlib_alessa_savage_ap011416_272p_650_mobile.mp4,Reverse Cowgirl,1421,1521
tlib_alessa_savage_ap011416_272p_650_mobile.mp4,Rough Sex,851,2120
tlib_alessa_savage_ap011416_272p_650_mobile.mp4,Sex,657,2120
tlib_alessa_savage_ap011416_272p_650_mobile.mp4,Side Fuck,1150,1249
tlib_alessa_savage_ap011416_272p_650_mobile.mp4,Side Fuck,1348,1412
tlib_alessa_savage_ap011416_272p_650_mobile.mp4,Spoon,1252,1350
